{
    "response":{
        "leftitems":{
            "title" : "VIEW TWEET",
            "tweet": "Hi How are u?",
            "subtitle": "Viewing your comment",
            "likes": "LIKES : ",
            "time": "POSTED AT : ",
            "posted": "POSTED BY : "
        },
        "rightitems":{
            "props":[
                {
                    "id": "mycomments",
                    "value": "LIKE",
                    "type": "textarea",
                    "placeholder": "Enter your comments :)"
                },
                {
                    "id": "myreplysubmit",
                    "value": "REPLY",
                    "cs": "btn btn-outline-secondary",
                    "type": "button"
                },
                {
                    "id": "myreplyerror",
                    "cs": "error",
                    "type": "para"
                },
                {
                    "value": "Do you want to update or delete this tweet?",
                    "type": "text"
                },
                {
                    "id": "myupdatetext",
                    "placeholder": "Update tweet message...",
                    "type": "textarea"
                },
                {
                    "id": "myupdate",
                    "value": "UPDATE",
                    "cs": "btn btn-outline-warning",
                    "type": "button"
                },
                {
                    "id": "mydelete",
                    "value": "DELETE",
                    "cs": "btn btn-outline-danger",
                    "type": "button"
                }
            ]
        }
    }
}